,f435w,f606w,f814w,f435w_err,f606w_err,f814w_err
ID1,183.02639019,563.90162769,1005.06383246,18.30263902,56.39016277,100.50638325
